[{"model": "school.ticket", "pk": 105, "fields": {"ticket_id": "MUYBFH", "group_leader": 15, "is_validated": true, "is_paid": true, "is_winner": false, "prize_position": null, "matched_count": 0, "created_at": "2026-02-24T09:50:08.465Z"}}, {"model": "school.ticket", "pk": 106, "fields": {"ticket_id": "4QK2W6", "group_leader": 40, "is_validated": true, "is_paid": false, "is_winner": false, "prize_position": null, "matched_count": 0, "created_at": "2026-02-24T09:50:08.468Z"}}, {"model": "school.ticket", "pk": 107, "fields": {"ticket_id": "698T4P", "group_leader": 12, "is_validated": true, "is_paid": true, "is_winner": false, "prize_position": null, "matched_count": 0, "created_at": "2026-02-24T09:50:08.469Z"}}, {"model": "school.ticket", "pk": 108, "fields": {"ticket_id": "T15CWH", "group_leader": 15, "is_validated": true, "is_paid": true, "is_winner": false, "prize_position": null, "matched_count": 0, "created_at": "2026-02-24T09:50:08.470Z"}}, {"model": "school.ticket", "pk": 109, "fields": {"ticket_id": "6NKAXV", "group_leader": 40, "is_validated": true, "is_paid": false, "is_winner": false, "prize_position": null, "matched_count": 0, "created_at": "2026-02-24T09:50:08.471Z"}}, {"model": "school.ticket", "pk": 110, "fields": {"ticket_id": "J7ZA23", "group_leader": 12, "is_validated": true, "is_paid": true, "is_winner": false, "prize_position": null, "matched_count": 0, "created_at": "2026-02-24T09:50:08.472Z"}}, {"model": "school.ticket", "pk": 111, "fields": {"ticket_id": "LY2RV7", "group_leader": 15, "is_validated": true, "is_paid": true, "is_winner": false, "prize_position": null, "matched_count": 0, "created_at": "2026-02-24T09:50:08.472Z"}}, {"model": "school.ticket", "pk": 112, "fields": {"ticket_id": "BGJN0Q", "group_leader": 40, "is_validated": true, "is_paid": false, "is_winner": false, "prize_position": null, "matched_count": 0, "created_at": "2026-02-24T09:50:08.473Z"}}, {"model": "school.ticket", "pk": 113, "fields": {"ticket_id": "QXWRZ1", "group_leader": 12, "is_validated": true, "is_paid": true, "is_winner": false, "prize_position": null, "matched_count": 0, "created_at": "2026-02-24T09:50:08.473Z"}}, {"model": "school.ticket", "pk": 114, "fields": {"ticket_id": "CTM2SI", "group_leader": 10, "is_validated": true, "is_paid": true, "is_winner": false, "prize_position": null, "matched_count": 0, "created_at": "2026-02-24T09:50:08.474Z"}}, {"model": "school.ticket", "pk": 115, "fields": {"ticket_id": "QG9SPF", "group_leader": 32, "is_validated": true, "is_paid": false, "is_winner": false, "prize_position": null, "matched_count": 0, "created_at": "2026-02-24T09:50:08.475Z"}}, {"model": "school.ticket", "pk": 116, "fields": {"ticket_id": "GP3TUB", "group_leader": 1, "is_validated": true, "is_paid": true, "is_winner": false, "prize_position": null, "matched_count": 0, "created_at": "2026-02-24T09:50:08.477Z"}}, {"model": "school.ticket", "pk": 117, "fields": {"ticket_id": "KZLPSX", "group_leader": 10, "is_validated": true, "is_paid": true, "is_winner": false, "prize_position": null, "matched_count": 0, "created_at": "2026-02-24T09:50:08.478Z"}}, {"model": "school.ticket", "pk": 118, "fields": {"ticket_id": "GRBMQK", "group_leader": 32, "is_validated": true, "is_paid": false, "is_winner": false, "prize_position": null, "matched_count": 0, "created_at": "2026-02-24T09:50:08.479Z"}}, {"model": "school.ticket", "pk": 119, "fields": {"ticket_id": "4KLMJN", "group_leader": 1, "is_validated": true, "is_paid": true, "is_winner": false, "prize_position": null, "matched_count": 0, "created_at": "2026-02-24T09:50:08.479Z"}}, {"model": "school.ticket", "pk": 120, "fields": {"ticket_id": "M9JVK7", "group_leader": 10, "is_validated": true, "is_paid": true, "is_winner": false, "prize_position": null, "matched_count": 0, "created_at": "2026-02-24T09:50:08.480Z"}}, {"model": "school.ticket", "pk": 121, "fields": {"ticket_id": "6TQE0W", "group_leader": 32, "is_validated": true, "is_paid": false, "is_winner": false, "prize_position": null, "matched_count": 0, "created_at": "2026-02-24T09:50:08.480Z"}}, {"model": "school.ticket", "pk": 122, "fields": {"ticket_id": "J8WQ45", "group_leader": 12, "is_validated": true, "is_paid": true, "is_winner": false, "prize_position": null, "matched_count": 0, "created_at": "2026-02-24T09:50:08.481Z"}}, {"model": "school.ticket", "pk": 123, "fields": {"ticket_id": "W8AC4P", "group_leader": 10, "is_validated": true, "is_paid": true, "is_winner": false, "prize_position": null, "matched_count": 0, "created_at": "2026-02-24T09:50:08.481Z"}}, {"model": "school.ticket", "pk": 124, "fields": {"ticket_id": "4FXPM1", "group_leader": 32, "is_validated": true, "is_paid": false, "is_winner": false, "prize_position": null, "matched_count": 0, "created_at": "2026-02-24T09:50:08.482Z"}}, {"model": "school.ticket", "pk": 125, "fields": {"ticket_id": "S4V6FL", "group_leader": 5, "is_validated": true, "is_paid": false, "is_winner": false, "prize_position": null, "matched_count": 0, "created_at": "2026-02-24T09:50:08.482Z"}}, {"model": "school.ticket", "pk": 126, "fields": {"ticket_id": "UE6TD4", "group_leader": 10, "is_validated": true, "is_paid": false, "is_winner": false, "prize_position": null, "matched_count": 0, "created_at": "2026-02-24T09:50:08.483Z"}}, {"model": "school.ticket", "pk": 127, "fields": {"ticket_id": "DGZUCF", "group_leader": 32, "is_validated": true, "is_paid": false, "is_winner": false, "prize_position": null, "matched_count": 0, "created_at": "2026-02-24T09:50:08.484Z"}}, {"model": "school.ticket", "pk": 128, "fields": {"ticket_id": "53RGY2", "group_leader": 5, "is_validated": true, "is_paid": false, "is_winner": false, "prize_position": null, "matched_count": 0, "created_at": "2026-02-24T09:50:08.484Z"}}, {"model": "school.ticket", "pk": 129, "fields": {"ticket_id": "DF7X4R", "group_leader": 10, "is_validated": true, "is_paid": false, "is_winner": false, "prize_position": null, "matched_count": 0, "created_at": "2026-02-24T09:50:08.485Z"}}, {"model": "school.ticket", "pk": 130, "fields": {"ticket_id": "QDAZHU", "group_leader": 39, "is_validated": true, "is_paid": true, "is_winner": false, "prize_position": null, "matched_count": 0, "created_at": "2026-02-24T09:50:08.485Z"}}, {"model": "school.ticket", "pk": 131, "fields": {"ticket_id": "751RZY", "group_leader": 5, "is_validated": true, "is_paid": false, "is_winner": false, "prize_position": null, "matched_count": 0, "created_at": "2026-02-24T09:50:08.486Z"}}, {"model": "school.ticket", "pk": 132, "fields": {"ticket_id": "SDZQNR", "group_leader": 10, "is_validated": true, "is_paid": false, "is_winner": false, "prize_position": null, "matched_count": 0, "created_at": "2026-02-24T09:50:08.486Z"}}, {"model": "school.ticket", "pk": 133, "fields": {"ticket_id": "98A6JY", "group_leader": 29, "is_validated": true, "is_paid": false, "is_winner": false, "prize_position": null, "matched_count": 0, "created_at": "2026-02-24T09:50:08.486Z"}}, {"model": "school.ticket", "pk": 134, "fields": {"ticket_id": "5FT1YB", "group_leader": 5, "is_validated": true, "is_paid": false, "is_winner": false, "prize_position": null, "matched_count": 0, "created_at": "2026-02-24T09:50:08.487Z"}}, {"model": "school.ticket", "pk": 135, "fields": {"ticket_id": "2K31TZ", "group_leader": 10, "is_validated": true, "is_paid": false, "is_winner": false, "prize_position": null, "matched_count": 0, "created_at": "2026-02-24T09:50:08.487Z"}}, {"model": "school.ticket", "pk": 136, "fields": {"ticket_id": "VOIEKN", "group_leader": 39, "is_validated": true, "is_paid": true, "is_winner": false, "prize_position": null, "matched_count": 0, "created_at": "2026-02-24T09:50:08.488Z"}}, {"model": "school.ticket", "pk": 137, "fields": {"ticket_id": "IXMH2O", "group_leader": 5, "is_validated": true, "is_paid": false, "is_winner": false, "prize_position": null, "matched_count": 0, "created_at": "2026-02-24T09:50:08.488Z"}}, {"model": "school.ticket", "pk": 138, "fields": {"ticket_id": "V96LQ4", "group_leader": 10, "is_validated": true, "is_paid": false, "is_winner": false, "prize_position": null, "matched_count": 0, "created_at": "2026-02-24T09:50:08.488Z"}}, {"model": "school.ticket", "pk": 139, "fields": {"ticket_id": "AOTHS3", "group_leader": 39, "is_validated": true, "is_paid": true, "is_winner": false, "prize_position": null, "matched_count": 0, "created_at": "2026-02-24T09:50:08.489Z"}}, {"model": "school.ticket", "pk": 140, "fields": {"ticket_id": "NKXH51", "group_leader": 5, "is_validated": true, "is_paid": false, "is_winner": false, "prize_position": null, "matched_count": 0, "created_at": "2026-02-24T09:50:08.489Z"}}, {"model": "school.ticket", "pk": 141, "fields": {"ticket_id": "40ZR3E", "group_leader": 10, "is_validated": true, "is_paid": false, "is_winner": false, "prize_position": null, "matched_count": 0, "created_at": "2026-02-24T09:50:08.490Z"}}, {"model": "school.ticket", "pk": 142, "fields": {"ticket_id": "1MDOY5", "group_leader": 29, "is_validated": true, "is_paid": false, "is_winner": false, "prize_position": null, "matched_count": 0, "created_at": "2026-02-24T09:50:08.491Z"}}, {"model": "school.ticket", "pk": 143, "fields": {"ticket_id": "631ELW", "group_leader": 5, "is_validated": true, "is_paid": false, "is_winner": false, "prize_position": null, "matched_count": 0, "created_at": "2026-02-24T09:50:08.491Z"}}, {"model": "school.ticket", "pk": 144, "fields": {"ticket_id": "Z2KFQ1", "group_leader": 12, "is_validated": true, "is_paid": true, "is_winner": false, "prize_position": null, "matched_count": 0, "created_at": "2026-02-24T09:50:08.491Z"}}, {"model": "school.ticket", "pk": 145, "fields": {"ticket_id": "RN7Q0A", "group_leader": 30, "is_validated": true, "is_paid": true, "is_winner": false, "prize_position": null, "matched_count": 0, "created_at": "2026-02-24T09:50:08.492Z"}}, {"model": "school.ticket", "pk": 146, "fields": {"ticket_id": "F1PK5B", "group_leader": 5, "is_validated": true, "is_paid": false, "is_winner": false, "prize_position": null, "matched_count": 0, "created_at": "2026-02-24T09:50:08.492Z"}}, {"model": "school.ticket", "pk": 147, "fields": {"ticket_id": "VE50FD", "group_leader": 12, "is_validated": true, "is_paid": true, "is_winner": false, "prize_position": null, "matched_count": 0, "created_at": "2026-02-24T09:50:08.493Z"}}, {"model": "school.ticket", "pk": 148, "fields": {"ticket_id": "Q28L34", "group_leader": 30, "is_validated": true, "is_paid": true, "is_winner": false, "prize_position": null, "matched_count": 0, "created_at": "2026-02-24T09:50:08.493Z"}}, {"model": "school.ticket", "pk": 149, "fields": {"ticket_id": "I4LT68", "group_leader": 5, "is_validated": true, "is_paid": false, "is_winner": false, "prize_position": null, "matched_count": 0, "created_at": "2026-02-24T09:50:08.493Z"}}, {"model": "school.ticket", "pk": 150, "fields": {"ticket_id": "TWEG86", "group_leader": 12, "is_validated": true, "is_paid": true, "is_winner": false, "prize_position": null, "matched_count": 0, "created_at": "2026-02-24T09:50:08.494Z"}}, {"model": "school.ticket", "pk": 151, "fields": {"ticket_id": "1PKQJB", "group_leader": 30, "is_validated": true, "is_paid": true, "is_winner": false, "prize_position": null, "matched_count": 0, "created_at": "2026-02-24T09:50:08.494Z"}}, {"model": "school.ticket", "pk": 152, "fields": {"ticket_id": "NDC1PI", "group_leader": 5, "is_validated": true, "is_paid": false, "is_winner": false, "prize_position": null, "matched_count": 0, "created_at": "2026-02-24T09:50:08.494Z"}}, {"model": "school.ticket", "pk": 153, "fields": {"ticket_id": "7S1DYU", "group_leader": 12, "is_validated": true, "is_paid": true, "is_winner": false, "prize_position": null, "matched_count": 0, "created_at": "2026-02-24T09:50:08.495Z"}}, {"model": "school.ticket", "pk": 154, "fields": {"ticket_id": "7HLQNB", "group_leader": 30, "is_validated": true, "is_paid": true, "is_winner": false, "prize_position": null, "matched_count": 0, "created_at": "2026-02-24T09:50:08.496Z"}}, {"model": "school.ticket", "pk": 155, "fields": {"ticket_id": "ZVG5OH", "group_leader": 4, "is_validated": true, "is_paid": true, "is_winner": false, "prize_position": null, "matched_count": 0, "created_at": "2026-02-24T09:50:08.496Z"}}, {"model": "school.ticket", "pk": 156, "fields": {"ticket_id": "QF0XHO", "group_leader": 12, "is_validated": true, "is_paid": true, "is_winner": false, "prize_position": null, "matched_count": 0, "created_at": "2026-02-24T09:50:08.496Z"}}, {"model": "school.ticket", "pk": 157, "fields": {"ticket_id": "D1K6T5", "group_leader": 30, "is_validated": true, "is_paid": true, "is_winner": false, "prize_position": null, "matched_count": 0, "created_at": "2026-02-24T09:50:08.497Z"}}, {"model": "school.ticket", "pk": 158, "fields": {"ticket_id": "06O91A", "group_leader": 4, "is_validated": true, "is_paid": true, "is_winner": false, "prize_position": null, "matched_count": 0, "created_at": "2026-02-24T09:50:08.498Z"}}, {"model": "school.ticket", "pk": 159, "fields": {"ticket_id": "HZTDYP", "group_leader": 12, "is_validated": true, "is_paid": true, "is_winner": false, "prize_position": null, "matched_count": 0, "created_at": "2026-02-24T09:50:08.499Z"}}, {"model": "school.ticket", "pk": 160, "fields": {"ticket_id": "0VFS8G", "group_leader": 28, "is_validated": true, "is_paid": true, "is_winner": false, "prize_position": null, "matched_count": 0, "created_at": "2026-02-24T09:50:08.500Z"}}, {"model": "school.ticket", "pk": 161, "fields": {"ticket_id": "OHM8ZI", "group_leader": 4, "is_validated": true, "is_paid": true, "is_winner": false, "prize_position": null, "matched_count": 0, "created_at": "2026-02-24T09:50:08.500Z"}}, {"model": "school.ticket", "pk": 162, "fields": {"ticket_id": "FTG103", "group_leader": 12, "is_validated": true, "is_paid": true, "is_winner": false, "prize_position": null, "matched_count": 0, "created_at": "2026-02-24T09:50:08.500Z"}}, {"model": "school.ticket", "pk": 163, "fields": {"ticket_id": "RAEK92", "group_leader": 28, "is_validated": true, "is_paid": true, "is_winner": false, "prize_position": null, "matched_count": 0, "created_at": "2026-02-24T09:50:08.501Z"}}, {"model": "school.ticket", "pk": 164, "fields": {"ticket_id": "W7BXGH", "group_leader": 4, "is_validated": true, "is_paid": true, "is_winner": false, "prize_position": null, "matched_count": 0, "created_at": "2026-02-24T09:50:08.501Z"}}, {"model": "school.ticket", "pk": 165, "fields": {"ticket_id": "A81P6N", "group_leader": 12, "is_validated": true, "is_paid": true, "is_winner": false, "prize_position": null, "matched_count": 0, "created_at": "2026-02-24T09:50:08.501Z"}}, {"model": "school.ticket", "pk": 166, "fields": {"ticket_id": "B5P2O9", "group_leader": 28, "is_validated": true, "is_paid": true, "is_winner": false, "prize_position": null, "matched_count": 0, "created_at": "2026-02-24T09:50:08.502Z"}}, {"model": "school.ticket", "pk": 167, "fields": {"ticket_id": "NRJIMB", "group_leader": 4, "is_validated": true, "is_paid": true, "is_winner": false, "prize_position": null, "matched_count": 0, "created_at": "2026-02-24T09:50:08.502Z"}}, {"model": "school.ticket", "pk": 168, "fields": {"ticket_id": "09BFML", "group_leader": 12, "is_validated": true, "is_paid": true, "is_winner": false, "prize_position": null, "matched_count": 0, "created_at": "2026-02-24T09:50:08.503Z"}}, {"model": "school.ticket", "pk": 169, "fields": {"ticket_id": "QNEPDH", "group_leader": 28, "is_validated": true, "is_paid": true, "is_winner": false, "prize_position": null, "matched_count": 0, "created_at": "2026-02-24T09:50:08.503Z"}}, {"model": "school.ticket", "pk": 170, "fields": {"ticket_id": "WIPQ08", "group_leader": 4, "is_validated": true, "is_paid": true, "is_winner": false, "prize_position": null, "matched_count": 0, "created_at": "2026-02-24T09:50:08.503Z"}}, {"model": "school.ticket", "pk": 171, "fields": {"ticket_id": "370JLG", "group_leader": 12, "is_validated": true, "is_paid": true, "is_winner": false, "prize_position": null, "matched_count": 0, "created_at": "2026-02-24T09:50:08.504Z"}}, {"model": "school.ticket", "pk": 172, "fields": {"ticket_id": "PTCIJO", "group_leader": 28, "is_validated": true, "is_paid": false, "is_winner": false, "prize_position": null, "matched_count": 0, "created_at": "2026-02-24T09:50:08.505Z"}}, {"model": "school.ticket", "pk": 173, "fields": {"ticket_id": "Y59KN3", "group_leader": 4, "is_validated": true, "is_paid": true, "is_winner": false, "prize_position": null, "matched_count": 0, "created_at": "2026-02-24T09:50:08.506Z"}}, {"model": "school.ticket", "pk": 174, "fields": {"ticket_id": "23VAHT", "group_leader": 13, "is_validated": true, "is_paid": true, "is_winner": false, "prize_position": null, "matched_count": 0, "created_at": "2026-02-24T09:50:08.506Z"}}, {"model": "school.ticket", "pk": 175, "fields": {"ticket_id": "1XTQER", "group_leader": 35, "is_validated": true, "is_paid": true, "is_winner": false, "prize_position": null, "matched_count": 0, "created_at": "2026-02-24T09:50:08.506Z"}}, {"model": "school.ticket", "pk": 176, "fields": {"ticket_id": "1B6NRS", "group_leader": 4, "is_validated": true, "is_paid": true, "is_winner": false, "prize_position": null, "matched_count": 0, "created_at": "2026-02-24T09:50:08.507Z"}}, {"model": "school.ticket", "pk": 177, "fields": {"ticket_id": "9YPVFE", "group_leader": 13, "is_validated": true, "is_paid": true, "is_winner": false, "prize_position": null, "matched_count": 0, "created_at": "2026-02-24T09:50:08.507Z"}}, {"model": "school.ticket", "pk": 178, "fields": {"ticket_id": "RJGMW1", "group_leader": 41, "is_validated": true, "is_paid": true, "is_winner": false, "prize_position": null, "matched_count": 0, "created_at": "2026-02-24T09:50:08.507Z"}}, {"model": "school.ticket", "pk": 179, "fields": {"ticket_id": "8U2LZP", "group_leader": 4, "is_validated": true, "is_paid": true, "is_winner": false, "prize_position": null, "matched_count": 0, "created_at": "2026-02-24T09:50:08.508Z"}}, {"model": "school.ticket", "pk": 180, "fields": {"ticket_id": "E4WMC1", "group_leader": 13, "is_validated": true, "is_paid": true, "is_winner": false, "prize_position": null, "matched_count": 0, "created_at": "2026-02-24T09:50:08.508Z"}}, {"model": "school.ticket", "pk": 181, "fields": {"ticket_id": "RNUTID", "group_leader": 41, "is_validated": true, "is_paid": true, "is_winner": false, "prize_position": null, "matched_count": 0, "created_at": "2026-02-24T09:50:08.509Z"}}, {"model": "school.ticket", "pk": 182, "fields": {"ticket_id": "LXR970", "group_leader": 3, "is_validated": true, "is_paid": false, "is_winner": false, "prize_position": null, "matched_count": 0, "created_at": "2026-02-24T09:50:08.509Z"}}, {"model": "school.ticket", "pk": 183, "fields": {"ticket_id": "ORT523", "group_leader": 13, "is_validated": true, "is_paid": true, "is_winner": false, "prize_position": null, "matched_count": 0, "created_at": "2026-02-24T09:50:08.509Z"}}, {"model": "school.ticket", "pk": 184, "fields": {"ticket_id": "JHSIF1", "group_leader": 35, "is_validated": true, "is_paid": true, "is_winner": false, "prize_position": null, "matched_count": 0, "created_at": "2026-02-24T09:50:08.510Z"}}, {"model": "school.ticket", "pk": 185, "fields": {"ticket_id": "CTQ2SY", "group_leader": 3, "is_validated": true, "is_paid": false, "is_winner": false, "prize_position": null, "matched_count": 0, "created_at": "2026-02-24T09:50:08.510Z"}}, {"model": "school.ticket", "pk": 186, "fields": {"ticket_id": "YMF58H", "group_leader": 13, "is_validated": true, "is_paid": true, "is_winner": false, "prize_position": null, "matched_count": 0, "created_at": "2026-02-24T09:50:08.511Z"}}, {"model": "school.ticket", "pk": 187, "fields": {"ticket_id": "R654JS", "group_leader": 35, "is_validated": true, "is_paid": true, "is_winner": false, "prize_position": null, "matched_count": 0, "created_at": "2026-02-24T09:50:08.512Z"}}, {"model": "school.ticket", "pk": 188, "fields": {"ticket_id": "R32VE4", "group_leader": 3, "is_validated": true, "is_paid": false, "is_winner": false, "prize_position": null, "matched_count": 0, "created_at": "2026-02-24T09:50:08.512Z"}}, {"model": "school.ticket", "pk": 189, "fields": {"ticket_id": "7PXBCI", "group_leader": 13, "is_validated": true, "is_paid": true, "is_winner": false, "prize_position": null, "matched_count": 0, "created_at": "2026-02-24T09:50:08.512Z"}}, {"model": "school.ticket", "pk": 190, "fields": {"ticket_id": "UECWDG", "group_leader": 31, "is_validated": true, "is_paid": true, "is_winner": false, "prize_position": null, "matched_count": 0, "created_at": "2026-02-24T09:50:08.513Z"}}, {"model": "school.ticket", "pk": 191, "fields": {"ticket_id": "46LJX2", "group_leader": 3, "is_validated": true, "is_paid": false, "is_winner": false, "prize_position": null, "matched_count": 0, "created_at": "2026-02-24T09:50:08.513Z"}}, {"model": "school.ticket", "pk": 192, "fields": {"ticket_id": "S6AVEG", "group_leader": 13, "is_validated": true, "is_paid": true, "is_winner": false, "prize_position": null, "matched_count": 0, "created_at": "2026-02-24T09:50:08.514Z"}}, {"model": "school.ticket", "pk": 193, "fields": {"ticket_id": "QBE0VF", "group_leader": 31, "is_validated": true, "is_paid": true, "is_winner": false, "prize_position": null, "matched_count": 0, "created_at": "2026-02-24T09:50:08.514Z"}}, {"model": "school.ticket", "pk": 194, "fields": {"ticket_id": "27FXL4", "group_leader": 3, "is_validated": true, "is_paid": false, "is_winner": false, "prize_position": null, "matched_count": 0, "created_at": "2026-02-24T09:50:08.514Z"}}, {"model": "school.ticket", "pk": 195, "fields": {"ticket_id": "UORL1V", "group_leader": 13, "is_validated": true, "is_paid": true, "is_winner": false, "prize_position": null, "matched_count": 0, "created_at": "2026-02-24T09:50:08.515Z"}}, {"model": "school.ticket", "pk": 196, "fields": {"ticket_id": "BXTM0D", "group_leader": 31, "is_validated": true, "is_paid": true, "is_winner": false, "prize_position": null, "matched_count": 0, "created_at": "2026-02-24T09:50:08.515Z"}}, {"model": "school.ticket", "pk": 197, "fields": {"ticket_id": "6VEHPZ", "group_leader": 3, "is_validated": true, "is_paid": false, "is_winner": false, "prize_position": null, "matched_count": 0, "created_at": "2026-02-24T09:50:08.515Z"}}, {"model": "school.ticket", "pk": 198, "fields": {"ticket_id": "BZJPIO", "group_leader": 13, "is_validated": true, "is_paid": true, "is_winner": false, "prize_position": null, "matched_count": 0, "created_at": "2026-02-24T09:50:08.516Z"}}, {"model": "school.ticket", "pk": 199, "fields": {"ticket_id": "IZDFMX", "group_leader": 31, "is_validated": true, "is_paid": true, "is_winner": false, "prize_position": null, "matched_count": 0, "created_at": "2026-02-24T09:50:08.516Z"}}, {"model": "school.ticket", "pk": 200, "fields": {"ticket_id": "GL4Y85", "group_leader": 3, "is_validated": true, "is_paid": false, "is_winner": false, "prize_position": null, "matched_count": 0, "created_at": "2026-02-24T09:50:08.517Z"}}, {"model": "school.ticket", "pk": 201, "fields": {"ticket_id": "XV6ATY", "group_leader": 13, "is_validated": true, "is_paid": true, "is_winner": false, "prize_position": null, "matched_count": 0, "created_at": "2026-02-24T09:50:08.517Z"}}, {"model": "school.ticket", "pk": 202, "fields": {"ticket_id": "ANRQ5C", "group_leader": 31, "is_validated": true, "is_paid": true, "is_winner": false, "prize_position": null, "matched_count": 0, "created_at": "2026-02-24T09:50:08.517Z"}}, {"model": "school.ticket", "pk": 203, "fields": {"ticket_id": "9LUDC8", "group_leader": 3, "is_validated": true, "is_paid": false, "is_winner": false, "prize_position": null, "matched_count": 0, "created_at": "2026-02-24T09:50:08.518Z"}}, {"model": "school.ticket", "pk": 204, "fields": {"ticket_id": "IOSE0J", "group_leader": 9, "is_validated": true, "is_paid": false, "is_winner": false, "prize_position": null, "matched_count": 0, "created_at": "2026-02-24T09:50:08.519Z"}}, {"model": "school.ticket", "pk": 205, "fields": {"ticket_id": "5QEAUZ", "group_leader": 9, "is_validated": true, "is_paid": false, "is_winner": false, "prize_position": null, "matched_count": 0, "created_at": "2026-02-24T09:50:08.519Z"}}, {"model": "school.ticket", "pk": 206, "fields": {"ticket_id": "DJ18KL", "group_leader": 7, "is_validated": true, "is_paid": true, "is_winner": false, "prize_position": null, "matched_count": 0, "created_at": "2026-02-24T09:50:08.520Z"}}, {"model": "school.ticket", "pk": 207, "fields": {"ticket_id": "VN0IHF", "group_leader": 3, "is_validated": true, "is_paid": false, "is_winner": false, "prize_position": null, "matched_count": 0, "created_at": "2026-02-24T09:50:08.520Z"}}, {"model": "school.ticket", "pk": 208, "fields": {"ticket_id": "SZH2CM", "group_leader": 9, "is_validated": true, "is_paid": false, "is_winner": false, "prize_position": null, "matched_count": 0, "created_at": "2026-02-24T09:50:08.520Z"}}, {"model": "school.ticket", "pk": 209, "fields": {"ticket_id": "OX2BZQ", "group_leader": 7, "is_validated": true, "is_paid": true, "is_winner": false, "prize_position": null, "matched_count": 0, "created_at": "2026-02-24T09:50:08.521Z"}}, {"model": "school.ticket", "pk": 210, "fields": {"ticket_id": "T8GXJD", "group_leader": 3, "is_validated": true, "is_paid": false, "is_winner": false, "prize_position": null, "matched_count": 0, "created_at": "2026-02-24T09:50:08.521Z"}}, {"model": "school.ticket", "pk": 211, "fields": {"ticket_id": "1SN72O", "group_leader": 9, "is_validated": true, "is_paid": false, "is_winner": false, "prize_position": null, "matched_count": 0, "created_at": "2026-02-24T09:50:08.521Z"}}, {"model": "school.ticket", "pk": 212, "fields": {"ticket_id": "WHXJFE", "group_leader": 41, "is_validated": true, "is_paid": true, "is_winner": false, "prize_position": null, "matched_count": 0, "created_at": "2026-02-24T09:50:08.522Z"}}, {"model": "school.ticket", "pk": 213, "fields": {"ticket_id": "8CSTQ7", "group_leader": 3, "is_validated": true, "is_paid": false, "is_winner": false, "prize_position": null, "matched_count": 0, "created_at": "2026-02-24T09:50:08.522Z"}}, {"model": "school.ticket", "pk": 214, "fields": {"ticket_id": "UM4XNK", "group_leader": 9, "is_validated": true, "is_paid": false, "is_winner": false, "prize_position": null, "matched_count": 0, "created_at": "2026-02-24T09:50:08.523Z"}}, {"model": "school.ticket", "pk": 215, "fields": {"ticket_id": "16OID9", "group_leader": 40, "is_validated": true, "is_paid": false, "is_winner": false, "prize_position": null, "matched_count": 0, "created_at": "2026-02-24T09:50:08.523Z"}}, {"model": "school.ticket", "pk": 216, "fields": {"ticket_id": "L4P16S", "group_leader": 2, "is_validated": true, "is_paid": true, "is_winner": false, "prize_position": null, "matched_count": 0, "created_at": "2026-02-24T09:50:08.523Z"}}, {"model": "school.ticket", "pk": 217, "fields": {"ticket_id": "B1LTOV", "group_leader": 9, "is_validated": true, "is_paid": false, "is_winner": false, "prize_position": null, "matched_count": 0, "created_at": "2026-02-24T09:50:08.524Z"}}, {"model": "school.ticket", "pk": 218, "fields": {"ticket_id": "3FSC97", "group_leader": 36, "is_validated": true, "is_paid": true, "is_winner": false, "prize_position": null, "matched_count": 0, "created_at": "2026-02-24T09:50:08.524Z"}}, {"model": "school.ticket", "pk": 219, "fields": {"ticket_id": "9QKU2R", "group_leader": 2, "is_validated": true, "is_paid": true, "is_winner": false, "prize_position": null, "matched_count": 0, "created_at": "2026-02-24T09:50:08.525Z"}}, {"model": "school.ticket", "pk": 220, "fields": {"ticket_id": "8YMRBT", "group_leader": 9, "is_validated": true, "is_paid": false, "is_winner": false, "prize_position": null, "matched_count": 0, "created_at": "2026-02-24T09:50:08.525Z"}}, {"model": "school.ticket", "pk": 221, "fields": {"ticket_id": "TOKUD9", "group_leader": 36, "is_validated": true, "is_paid": true, "is_winner": false, "prize_position": null, "matched_count": 0, "created_at": "2026-02-24T09:50:08.526Z"}}, {"model": "school.ticket", "pk": 222, "fields": {"ticket_id": "37ZGDH", "group_leader": 2, "is_validated": true, "is_paid": true, "is_winner": false, "prize_position": null, "matched_count": 0, "created_at": "2026-02-24T09:50:08.526Z"}}, {"model": "school.ticket", "pk": 223, "fields": {"ticket_id": "JMGXU8", "group_leader": 9, "is_validated": true, "is_paid": false, "is_winner": false, "prize_position": null, "matched_count": 0, "created_at": "2026-02-24T09:50:08.527Z"}}, {"model": "school.ticket", "pk": 224, "fields": {"ticket_id": "40L69Z", "group_leader": 36, "is_validated": true, "is_paid": true, "is_winner": false, "prize_position": null, "matched_count": 0, "created_at": "2026-02-24T09:50:08.527Z"}}, {"model": "school.ticket", "pk": 225, "fields": {"ticket_id": "GE58O7", "group_leader": 2, "is_validated": true, "is_paid": true, "is_winner": false, "prize_position": null, "matched_count": 0, "created_at": "2026-02-24T09:50:08.528Z"}}, {"model": "school.ticket", "pk": 226, "fields": {"ticket_id": "IU1ZET", "group_leader": 9, "is_validated": true, "is_paid": false, "is_winner": false, "prize_position": null, "matched_count": 0, "created_at": "2026-02-24T09:50:08.528Z"}}, {"model": "school.ticket", "pk": 227, "fields": {"ticket_id": "UEQVFB", "group_leader": 36, "is_validated": true, "is_paid": false, "is_winner": false, "prize_position": null, "matched_count": 0, "created_at": "2026-02-24T09:50:08.529Z"}}, {"model": "school.ticket", "pk": 228, "fields": {"ticket_id": "5T0S4P", "group_leader": 2, "is_validated": true, "is_paid": true, "is_winner": false, "prize_position": null, "matched_count": 0, "created_at": "2026-02-24T09:50:08.529Z"}}, {"model": "school.ticket", "pk": 229, "fields": {"ticket_id": "WZ27N0", "group_leader": 9, "is_validated": true, "is_paid": false, "is_winner": false, "prize_position": null, "matched_count": 0, "created_at": "2026-02-24T09:50:08.529Z"}}, {"model": "school.ticket", "pk": 230, "fields": {"ticket_id": "ZVTC35", "group_leader": 36, "is_validated": true, "is_paid": false, "is_winner": false, "prize_position": null, "matched_count": 0, "created_at": "2026-02-24T09:50:08.530Z"}}, {"model": "school.ticket", "pk": 231, "fields": {"ticket_id": "XQMFOR", "group_leader": 2, "is_validated": true, "is_paid": true, "is_winner": false, "prize_position": null, "matched_count": 0, "created_at": "2026-02-24T09:50:08.530Z"}}, {"model": "school.ticket", "pk": 232, "fields": {"ticket_id": "V0YTL6", "group_leader": 42, "is_validated": true, "is_paid": true, "is_winner": false, "prize_position": null, "matched_count": 0, "created_at": "2026-02-24T09:50:08.530Z"}}, {"model": "school.ticket", "pk": 233, "fields": {"ticket_id": "DC4R1N", "group_leader": 34, "is_validated": false, "is_paid": false, "is_winner": false, "prize_position": null, "matched_count": 0, "created_at": "2026-02-24T09:50:08.531Z"}}, {"model": "school.ticket", "pk": 234, "fields": {"ticket_id": "3WJL5K", "group_leader": 2, "is_validated": true, "is_paid": true, "is_winner": false, "prize_position": null, "matched_count": 0, "created_at": "2026-02-24T09:50:08.532Z"}}, {"model": "school.ticket", "pk": 235, "fields": {"ticket_id": "GRH41F", "group_leader": 42, "is_validated": true, "is_paid": false, "is_winner": false, "prize_position": null, "matched_count": 0, "created_at": "2026-02-24T09:50:08.532Z"}}, {"model": "school.ticket", "pk": 236, "fields": {"ticket_id": "GQCYF5", "group_leader": 34, "is_validated": false, "is_paid": false, "is_winner": false, "prize_position": null, "matched_count": 0, "created_at": "2026-02-24T09:50:08.533Z"}}, {"model": "school.ticket", "pk": 237, "fields": {"ticket_id": "WR9HOC", "group_leader": 2, "is_validated": true, "is_paid": true, "is_winner": false, "prize_position": null, "matched_count": 0, "created_at": "2026-02-24T09:50:08.533Z"}}, {"model": "school.ticket", "pk": 238, "fields": {"ticket_id": "Q0GJO5", "group_leader": 42, "is_validated": true, "is_paid": false, "is_winner": false, "prize_position": null, "matched_count": 0, "created_at": "2026-02-24T09:50:08.534Z"}}, {"model": "school.ticket", "pk": 239, "fields": {"ticket_id": "YLKHTB", "group_leader": 34, "is_validated": false, "is_paid": false, "is_winner": false, "prize_position": null, "matched_count": 0, "created_at": "2026-02-24T09:50:08.534Z"}}, {"model": "school.ticket", "pk": 240, "fields": {"ticket_id": "XHQYFD", "group_leader": 2, "is_validated": true, "is_paid": true, "is_winner": false, "prize_position": null, "matched_count": 0, "created_at": "2026-02-24T09:50:08.534Z"}}, {"model": "school.ticket", "pk": 241, "fields": {"ticket_id": "549YOS", "group_leader": 42, "is_validated": true, "is_paid": false, "is_winner": false, "prize_position": null, "matched_count": 0, "created_at": "2026-02-24T09:50:08.535Z"}}, {"model": "school.ticket", "pk": 242, "fields": {"ticket_id": "K0AROZ", "group_leader": 34, "is_validated": false, "is_paid": false, "is_winner": false, "prize_position": null, "matched_count": 0, "created_at": "2026-02-24T09:50:08.535Z"}}, {"model": "school.ticket", "pk": 243, "fields": {"ticket_id": "10D9AH", "group_leader": 2, "is_validated": true, "is_paid": true, "is_winner": false, "prize_position": null, "matched_count": 0, "created_at": "2026-02-24T09:50:08.536Z"}}, {"model": "school.ticket", "pk": 244, "fields": {"ticket_id": "4M7COK", "group_leader": 17, "is_validated": true, "is_paid": true, "is_winner": false, "prize_position": null, "matched_count": 0, "created_at": "2026-02-24T09:50:08.536Z"}}, {"model": "school.ticket", "pk": 245, "fields": {"ticket_id": "R590D2", "group_leader": 34, "is_validated": false, "is_paid": false, "is_winner": false, "prize_position": null, "matched_count": 0, "created_at": "2026-02-24T09:50:08.537Z"}}, {"model": "school.ticket", "pk": 246, "fields": {"ticket_id": "1YLV60", "group_leader": 1, "is_validated": true, "is_paid": true, "is_winner": false, "prize_position": null, "matched_count": 0, "created_at": "2026-02-24T09:50:08.537Z"}}, {"model": "school.ticket", "pk": 247, "fields": {"ticket_id": "MJC9HA", "group_leader": 18, "is_validated": true, "is_paid": true, "is_winner": false, "prize_position": null, "matched_count": 0, "created_at": "2026-02-24T09:50:08.537Z"}}, {"model": "school.ticket", "pk": 248, "fields": {"ticket_id": "3I58SF", "group_leader": 37, "is_validated": true, "is_paid": true, "is_winner": false, "prize_position": null, "matched_count": 0, "created_at": "2026-02-24T09:50:08.538Z"}}, {"model": "school.ticket", "pk": 249, "fields": {"ticket_id": "W5KOLA", "group_leader": 1, "is_validated": true, "is_paid": true, "is_winner": false, "prize_position": null, "matched_count": 0, "created_at": "2026-02-24T09:50:08.538Z"}}, {"model": "school.ticket", "pk": 250, "fields": {"ticket_id": "4VEBUC", "group_leader": 18, "is_validated": true, "is_paid": true, "is_winner": false, "prize_position": null, "matched_count": 0, "created_at": "2026-02-24T09:50:08.539Z"}}, {"model": "school.ticket", "pk": 251, "fields": {"ticket_id": "K3U1EM", "group_leader": 41, "is_validated": true, "is_paid": true, "is_winner": false, "prize_position": null, "matched_count": 0, "created_at": "2026-02-24T09:50:08.539Z"}}, {"model": "school.ticket", "pk": 252, "fields": {"ticket_id": "5Z67L0", "group_leader": 12, "is_validated": true, "is_paid": true, "is_winner": false, "prize_position": null, "matched_count": 0, "created_at": "2026-02-24T09:50:08.540Z"}}, {"model": "school.ticket", "pk": 253, "fields": {"ticket_id": "HT8FAX", "group_leader": 18, "is_validated": true, "is_paid": false, "is_winner": false, "prize_position": null, "matched_count": 0, "created_at": "2026-02-24T09:50:08.540Z"}}, {"model": "school.ticket", "pk": 254, "fields": {"ticket_id": "5YLWCO", "group_leader": 41, "is_validated": true, "is_paid": true, "is_winner": false, "prize_position": null, "matched_count": 0, "created_at": "2026-02-24T09:50:08.541Z"}}, {"model": "school.ticket", "pk": 255, "fields": {"ticket_id": "HOZD42", "group_leader": 12, "is_validated": true, "is_paid": true, "is_winner": false, "prize_position": null, "matched_count": 0, "created_at": "2026-02-24T09:50:08.541Z"}}, {"model": "school.ticket", "pk": 256, "fields": {"ticket_id": "UW5LRP", "group_leader": 18, "is_validated": true, "is_paid": false, "is_winner": false, "prize_position": null, "matched_count": 0, "created_at": "2026-02-24T09:50:08.541Z"}}, {"model": "school.ticket", "pk": 257, "fields": {"ticket_id": "XJUCQN", "group_leader": 41, "is_validated": true, "is_paid": true, "is_winner": false, "prize_position": null, "matched_count": 0, "created_at": "2026-02-24T09:50:08.542Z"}}, {"model": "school.ticket", "pk": 258, "fields": {"ticket_id": "B6I184", "group_leader": 7, "is_validated": true, "is_paid": true, "is_winner": false, "prize_position": null, "matched_count": 0, "created_at": "2026-02-24T09:50:08.542Z"}}, {"model": "school.ticket", "pk": 259, "fields": {"ticket_id": "OKZI8E", "group_leader": 18, "is_validated": true, "is_paid": false, "is_winner": false, "prize_position": null, "matched_count": 0, "created_at": "2026-02-24T09:50:08.542Z"}}, {"model": "school.ticket", "pk": 260, "fields": {"ticket_id": "K5XBAT", "group_leader": 37, "is_validated": true, "is_paid": false, "is_winner": false, "prize_position": null, "matched_count": 0, "created_at": "2026-02-24T09:50:08.543Z"}}, {"model": "school.ticket", "pk": 261, "fields": {"ticket_id": "5OUJ74", "group_leader": 7, "is_validated": true, "is_paid": true, "is_winner": false, "prize_position": null, "matched_count": 0, "created_at": "2026-02-24T09:50:08.543Z"}}, {"model": "school.ticket", "pk": 262, "fields": {"ticket_id": "K5IQ8E", "group_leader": 8, "is_validated": true, "is_paid": true, "is_winner": false, "prize_position": null, "matched_count": 0, "created_at": "2026-02-24T09:50:08.544Z"}}, {"model": "school.ticket", "pk": 263, "fields": {"ticket_id": "FWP097", "group_leader": 33, "is_validated": true, "is_paid": false, "is_winner": false, "prize_position": null, "matched_count": 0, "created_at": "2026-02-24T09:50:08.544Z"}}, {"model": "school.ticket", "pk": 264, "fields": {"ticket_id": "6QZI8C", "group_leader": 8, "is_validated": true, "is_paid": true, "is_winner": false, "prize_position": null, "matched_count": 0, "created_at": "2026-02-24T09:50:08.544Z"}}, {"model": "school.ticket", "pk": 265, "fields": {"ticket_id": "HY29ZM", "group_leader": 8, "is_validated": true, "is_paid": true, "is_winner": false, "prize_position": null, "matched_count": 0, "created_at": "2026-02-24T09:50:08.545Z"}}, {"model": "school.ticket", "pk": 266, "fields": {"ticket_id": "DXEAK8", "group_leader": 33, "is_validated": true, "is_paid": false, "is_winner": false, "prize_position": null, "matched_count": 0, "created_at": "2026-02-24T09:50:08.545Z"}}, {"model": "school.ticket", "pk": 267, "fields": {"ticket_id": "HAF5DR", "group_leader": 7, "is_validated": true, "is_paid": true, "is_winner": false, "prize_position": null, "matched_count": 0, "created_at": "2026-02-24T09:50:08.546Z"}}, {"model": "school.ticket", "pk": 268, "fields": {"ticket_id": "0XF89D", "group_leader": 11, "is_validated": true, "is_paid": false, "is_winner": false, "prize_position": null, "matched_count": 0, "created_at": "2026-02-24T09:50:08.546Z"}}, {"model": "school.ticket", "pk": 269, "fields": {"ticket_id": "27NAOF", "group_leader": 33, "is_validated": true, "is_paid": false, "is_winner": false, "prize_position": null, "matched_count": 0, "created_at": "2026-02-24T09:50:08.547Z"}}, {"model": "school.ticket", "pk": 270, "fields": {"ticket_id": "40zrde", "group_leader": 7, "is_validated": true, "is_paid": true, "is_winner": false, "prize_position": null, "matched_count": 0, "created_at": "2026-02-24T09:50:08.547Z"}}, {"model": "school.ticket", "pk": 271, "fields": {"ticket_id": "QP3EV7", "group_leader": 11, "is_validated": true, "is_paid": false, "is_winner": false, "prize_position": null, "matched_count": 0, "created_at": "2026-02-24T09:50:08.547Z"}}, {"model": "school.ticket", "pk": 272, "fields": {"ticket_id": "RZGCQ9", "group_leader": 33, "is_validated": true, "is_paid": false, "is_winner": false, "prize_position": null, "matched_count": 0, "created_at": "2026-02-24T09:50:08.548Z"}}, {"model": "school.ticket", "pk": 273, "fields": {"ticket_id": "0KNSTQ", "group_leader": 7, "is_validated": true, "is_paid": true, "is_winner": false, "prize_position": null, "matched_count": 0, "created_at": "2026-02-24T09:50:08.548Z"}}, {"model": "school.ticket", "pk": 274, "fields": {"ticket_id": "PSTUZW", "group_leader": 11, "is_validated": true, "is_paid": false, "is_winner": false, "prize_position": null, "matched_count": 0, "created_at": "2026-02-24T09:50:08.548Z"}}, {"model": "school.ticket", "pk": 275, "fields": {"ticket_id": "UXE0KS", "group_leader": 33, "is_validated": true, "is_paid": false, "is_winner": false, "prize_position": null, "matched_count": 0, "created_at": "2026-02-24T09:50:08.549Z"}}, {"model": "school.ticket", "pk": 276, "fields": {"ticket_id": "V7NFYA", "group_leader": 14, "is_validated": true, "is_paid": true, "is_winner": false, "prize_position": null, "matched_count": 0, "created_at": "2026-02-24T09:50:08.549Z"}}, {"model": "school.ticket", "pk": 277, "fields": {"ticket_id": "TU0Q2X", "group_leader": 11, "is_validated": true, "is_paid": false, "is_winner": false, "prize_position": null, "matched_count": 0, "created_at": "2026-02-24T09:50:08.550Z"}}, {"model": "school.ticket", "pk": 278, "fields": {"ticket_id": "C16HX8", "group_leader": 39, "is_validated": true, "is_paid": false, "is_winner": false, "prize_position": null, "matched_count": 0, "created_at": "2026-02-24T09:50:08.550Z"}}, {"model": "school.ticket", "pk": 279, "fields": {"ticket_id": "ISW8YG", "group_leader": 14, "is_validated": true, "is_paid": true, "is_winner": false, "prize_position": null, "matched_count": 0, "created_at": "2026-02-24T09:50:08.550Z"}}, {"model": "school.ticket", "pk": 280, "fields": {"ticket_id": "WK9OC1", "group_leader": 11, "is_validated": true, "is_paid": false, "is_winner": false, "prize_position": null, "matched_count": 0, "created_at": "2026-02-24T09:50:08.551Z"}}, {"model": "school.ticket", "pk": 281, "fields": {"ticket_id": "I3XK5W", "group_leader": 39, "is_validated": true, "is_paid": false, "is_winner": false, "prize_position": null, "matched_count": 0, "created_at": "2026-02-24T09:50:08.551Z"}}, {"model": "school.ticket", "pk": 282, "fields": {"ticket_id": "5LGCKU", "group_leader": 14, "is_validated": true, "is_paid": true, "is_winner": false, "prize_position": null, "matched_count": 0, "created_at": "2026-02-24T09:50:08.551Z"}}, {"model": "school.ticket", "pk": 283, "fields": {"ticket_id": "Z24L3P", "group_leader": 11, "is_validated": true, "is_paid": false, "is_winner": false, "prize_position": null, "matched_count": 0, "created_at": "2026-02-24T09:50:08.552Z"}}, {"model": "school.ticket", "pk": 284, "fields": {"ticket_id": "2E8M3G", "group_leader": 39, "is_validated": true, "is_paid": false, "is_winner": false, "prize_position": null, "matched_count": 0, "created_at": "2026-02-24T09:50:08.552Z"}}, {"model": "school.ticket", "pk": 285, "fields": {"ticket_id": "HELOCW", "group_leader": 14, "is_validated": true, "is_paid": true, "is_winner": false, "prize_position": null, "matched_count": 0, "created_at": "2026-02-24T09:50:08.553Z"}}, {"model": "school.ticket", "pk": 286, "fields": {"ticket_id": "SX1UPQ", "group_leader": 11, "is_validated": true, "is_paid": false, "is_winner": false, "prize_position": null, "matched_count": 0, "created_at": "2026-02-24T09:50:08.554Z"}}, {"model": "school.ticket", "pk": 287, "fields": {"ticket_id": "OBFI4Y", "group_leader": 39, "is_validated": true, "is_paid": false, "is_winner": false, "prize_position": null, "matched_count": 0, "created_at": "2026-02-24T09:50:08.554Z"}}, {"model": "school.ticket", "pk": 288, "fields": {"ticket_id": "5QY7AE", "group_leader": 14, "is_validated": true, "is_paid": true, "is_winner": false, "prize_position": null, "matched_count": 0, "created_at": "2026-02-24T09:50:08.554Z"}}, {"model": "school.ticket", "pk": 289, "fields": {"ticket_id": "U2YOEB", "group_leader": 11, "is_validated": true, "is_paid": false, "is_winner": false, "prize_position": null, "matched_count": 0, "created_at": "2026-02-24T09:50:08.555Z"}}, {"model": "school.ticket", "pk": 290, "fields": {"ticket_id": "LF54TI", "group_leader": 39, "is_validated": true, "is_paid": false, "is_winner": false, "prize_position": null, "matched_count": 0, "created_at": "2026-02-24T09:50:08.555Z"}}, {"model": "school.ticket", "pk": 291, "fields": {"ticket_id": "VXPE32", "group_leader": 14, "is_validated": true, "is_paid": true, "is_winner": false, "prize_position": null, "matched_count": 0, "created_at": "2026-02-24T09:50:08.556Z"}}, {"model": "school.ticket", "pk": 292, "fields": {"ticket_id": "35ZCKL", "group_leader": 11, "is_validated": true, "is_paid": false, "is_winner": false, "prize_position": null, "matched_count": 0, "created_at": "2026-02-24T09:50:08.556Z"}}, {"model": "school.ticket", "pk": 293, "fields": {"ticket_id": "SG93OE", "group_leader": 41, "is_validated": true, "is_paid": false, "is_winner": false, "prize_position": null, "matched_count": 0, "created_at": "2026-02-24T09:50:08.556Z"}}, {"model": "school.ticket", "pk": 294, "fields": {"ticket_id": "4BQKNL", "group_leader": 14, "is_validated": true, "is_paid": true, "is_winner": false, "prize_position": null, "matched_count": 0, "created_at": "2026-02-24T09:50:08.557Z"}}, {"model": "school.ticket", "pk": 295, "fields": {"ticket_id": "20DCXI", "group_leader": 11, "is_validated": true, "is_paid": false, "is_winner": false, "prize_position": null, "matched_count": 0, "created_at": "2026-02-24T09:50:08.557Z"}}, {"model": "school.ticket", "pk": 296, "fields": {"ticket_id": "9L5FS7", "group_leader": 41, "is_validated": true, "is_paid": false, "is_winner": false, "prize_position": null, "matched_count": 0, "created_at": "2026-02-24T09:50:08.558Z"}}, {"model": "school.ticket", "pk": 297, "fields": {"ticket_id": "0HZ4WT", "group_leader": 14, "is_validated": true, "is_paid": true, "is_winner": false, "prize_position": null, "matched_count": 0, "created_at": "2026-02-24T09:50:08.558Z"}}, {"model": "school.ticket", "pk": 298, "fields": {"ticket_id": "JX91QU", "group_leader": 16, "is_validated": true, "is_paid": true, "is_winner": false, "prize_position": null, "matched_count": 0, "created_at": "2026-02-24T09:50:08.559Z"}}, {"model": "school.ticket", "pk": 299, "fields": {"ticket_id": "TMZBIR", "group_leader": 41, "is_validated": true, "is_paid": false, "is_winner": false, "prize_position": null, "matched_count": 0, "created_at": "2026-02-24T09:50:08.560Z"}}, {"model": "school.ticket", "pk": 300, "fields": {"ticket_id": "S9ZKTA", "group_leader": 14, "is_validated": true, "is_paid": true, "is_winner": false, "prize_position": null, "matched_count": 0, "created_at": "2026-02-24T09:50:08.561Z"}}, {"model": "school.ticket", "pk": 301, "fields": {"ticket_id": "DU3CI5", "group_leader": 16, "is_validated": true, "is_paid": true, "is_winner": false, "prize_position": null, "matched_count": 0, "created_at": "2026-02-24T09:50:08.562Z"}}, {"model": "school.ticket", "pk": 302, "fields": {"ticket_id": "TW7MXV", "group_leader": 41, "is_validated": true, "is_paid": false, "is_winner": false, "prize_position": null, "matched_count": 0, "created_at": "2026-02-24T09:50:08.562Z"}}, {"model": "school.ticket", "pk": 303, "fields": {"ticket_id": "D43EF1", "group_leader": 14, "is_validated": true, "is_paid": true, "is_winner": false, "prize_position": null, "matched_count": 0, "created_at": "2026-02-24T09:50:08.563Z"}}, {"model": "school.ticket", "pk": 304, "fields": {"ticket_id": "P2HY3S", "group_leader": 16, "is_validated": true, "is_paid": false, "is_winner": false, "prize_position": null, "matched_count": 0, "created_at": "2026-02-24T09:50:08.563Z"}}, {"model": "school.ticket", "pk": 305, "fields": {"ticket_id": "3UXCKS", "group_leader": 16, "is_validated": true, "is_paid": false, "is_winner": false, "prize_position": null, "matched_count": 0, "created_at": "2026-02-24T09:50:08.563Z"}}, {"model": "school.ticket", "pk": 306, "fields": {"ticket_id": "LQ9NRF", "group_leader": 3, "is_validated": true, "is_paid": true, "is_winner": false, "prize_position": null, "matched_count": 0, "created_at": "2026-02-24T09:50:08.564Z"}}, {"model": "school.ticket", "pk": 307, "fields": {"ticket_id": "H7TMU4", "group_leader": 7, "is_validated": true, "is_paid": true, "is_winner": false, "prize_position": null, "matched_count": 0, "created_at": "2026-02-24T09:50:08.564Z"}}, {"model": "school.ticket", "pk": 308, "fields": {"ticket_id": "IGTAP4", "group_leader": 16, "is_validated": true, "is_paid": false, "is_winner": false, "prize_position": null, "matched_count": 0, "created_at": "2026-02-24T09:50:08.565Z"}}, {"model": "school.ticket", "pk": 309, "fields": {"ticket_id": "G9XMPD", "group_leader": 3, "is_validated": true, "is_paid": true, "is_winner": false, "prize_position": null, "matched_count": 0, "created_at": "2026-02-24T09:50:08.565Z"}}, {"model": "school.ticket", "pk": 310, "fields": {"ticket_id": "EIRY73", "group_leader": 7, "is_validated": true, "is_paid": true, "is_winner": false, "prize_position": null, "matched_count": 0, "created_at": "2026-02-24T09:50:08.565Z"}}, {"model": "school.ticket", "pk": 311, "fields": {"ticket_id": "HPOC8Z", "group_leader": 16, "is_validated": true, "is_paid": false, "is_winner": false, "prize_position": null, "matched_count": 0, "created_at": "2026-02-24T09:50:08.566Z"}}, {"model": "school.ticket", "pk": 312, "fields": {"ticket_id": "2NJCVQ", "group_leader": 3, "is_validated": true, "is_paid": true, "is_winner": false, "prize_position": null, "matched_count": 0, "created_at": "2026-02-24T09:50:08.566Z"}}, {"model": "school.ticket", "pk": 313, "fields": {"ticket_id": "BREZOW", "group_leader": 7, "is_validated": true, "is_paid": true, "is_winner": false, "prize_position": null, "matched_count": 0, "created_at": "2026-02-24T09:50:08.567Z"}}, {"model": "school.ticket", "pk": 314, "fields": {"ticket_id": "DW0C98", "group_leader": 16, "is_validated": true, "is_paid": false, "is_winner": false, "prize_position": null, "matched_count": 0, "created_at": "2026-02-24T09:50:08.567Z"}}, {"model": "school.ticket", "pk": 315, "fields": {"ticket_id": "MIFYUK", "group_leader": 3, "is_validated": true, "is_paid": true, "is_winner": false, "prize_position": null, "matched_count": 0, "created_at": "2026-02-24T09:50:08.568Z"}}, {"model": "school.ticket", "pk": 316, "fields": {"ticket_id": "8IXCBG", "group_leader": 7, "is_validated": true, "is_paid": true, "is_winner": false, "prize_position": null, "matched_count": 0, "created_at": "2026-02-24T09:50:08.568Z"}}, {"model": "school.ticket", "pk": 317, "fields": {"ticket_id": "IERPMZ", "group_leader": 16, "is_validated": true, "is_paid": false, "is_winner": false, "prize_position": null, "matched_count": 0, "created_at": "2026-02-24T09:50:08.568Z"}}, {"model": "school.ticket", "pk": 318, "fields": {"ticket_id": "AS6T4I", "group_leader": 3, "is_validated": true, "is_paid": true, "is_winner": false, "prize_position": null, "matched_count": 0, "created_at": "2026-02-24T09:50:08.569Z"}}, {"model": "school.ticket", "pk": 319, "fields": {"ticket_id": "TYHGV7", "group_leader": 7, "is_validated": true, "is_paid": true, "is_winner": false, "prize_position": null, "matched_count": 0, "created_at": "2026-02-24T09:50:08.569Z"}}, {"model": "school.ticket", "pk": 320, "fields": {"ticket_id": "EJZT3A", "group_leader": 16, "is_validated": true, "is_paid": false, "is_winner": false, "prize_position": null, "matched_count": 0, "created_at": "2026-02-24T09:50:08.570Z"}}, {"model": "school.ticket", "pk": 321, "fields": {"ticket_id": "QYPAB1", "group_leader": 3, "is_validated": true, "is_paid": true, "is_winner": false, "prize_position": null, "matched_count": 0, "created_at": "2026-02-24T09:50:08.570Z"}}, {"model": "school.ticket", "pk": 322, "fields": {"ticket_id": "8FEYUA", "group_leader": 7, "is_validated": true, "is_paid": true, "is_winner": false, "prize_position": null, "matched_count": 0, "created_at": "2026-02-24T09:50:08.570Z"}}, {"model": "school.ticket", "pk": 323, "fields": {"ticket_id": "RA4F5E", "group_leader": 16, "is_validated": true, "is_paid": false, "is_winner": false, "prize_position": null, "matched_count": 0, "created_at": "2026-02-24T09:50:08.571Z"}}, {"model": "school.ticket", "pk": 324, "fields": {"ticket_id": "42GQ09", "group_leader": 3, "is_validated": true, "is_paid": true, "is_winner": false, "prize_position": null, "matched_count": 0, "created_at": "2026-02-24T09:50:08.571Z"}}, {"model": "school.ticket", "pk": 325, "fields": {"ticket_id": "2QU45V", "group_leader": 7, "is_validated": true, "is_paid": true, "is_winner": false, "prize_position": null, "matched_count": 0, "created_at": "2026-02-24T09:50:08.571Z"}}, {"model": "school.ticket", "pk": 326, "fields": {"ticket_id": "IODN3Z", "group_leader": 23, "is_validated": true, "is_paid": true, "is_winner": false, "prize_position": null, "matched_count": 0, "created_at": "2026-02-24T09:50:08.572Z"}}, {"model": "school.ticket", "pk": 327, "fields": {"ticket_id": "WYCB5G", "group_leader": 3, "is_validated": true, "is_paid": true, "is_winner": false, "prize_position": null, "matched_count": 0, "created_at": "2026-02-24T09:50:08.572Z"}}, {"model": "school.ticket", "pk": 328, "fields": {"ticket_id": "OAH0YT", "group_leader": 7, "is_validated": true, "is_paid": true, "is_winner": false, "prize_position": null, "matched_count": 0, "created_at": "2026-02-24T09:50:08.572Z"}}, {"model": "school.ticket", "pk": 329, "fields": {"ticket_id": "9WNHX1", "group_leader": 23, "is_validated": true, "is_paid": true, "is_winner": false, "prize_position": null, "matched_count": 0, "created_at": "2026-02-24T09:50:08.573Z"}}, {"model": "school.ticket", "pk": 330, "fields": {"ticket_id": "MXPJ3L", "group_leader": 3, "is_validated": true, "is_paid": true, "is_winner": false, "prize_position": null, "matched_count": 0, "created_at": "2026-02-24T09:50:08.574Z"}}, {"model": "school.ticket", "pk": 331, "fields": {"ticket_id": "RIXEAL", "group_leader": 7, "is_validated": true, "is_paid": true, "is_winner": false, "prize_position": null, "matched_count": 0, "created_at": "2026-02-24T09:50:08.574Z"}}, {"model": "school.ticket", "pk": 332, "fields": {"ticket_id": "QXAP7C", "group_leader": 23, "is_validated": true, "is_paid": true, "is_winner": false, "prize_position": null, "matched_count": 0, "created_at": "2026-02-24T09:50:08.575Z"}}, {"model": "school.ticket", "pk": 333, "fields": {"ticket_id": "MWDGXA", "group_leader": 3, "is_validated": true, "is_paid": true, "is_winner": false, "prize_position": null, "matched_count": 0, "created_at": "2026-02-24T09:50:08.575Z"}}, {"model": "school.ticket", "pk": 334, "fields": {"ticket_id": "8O4QX7", "group_leader": 19, "is_validated": true, "is_paid": false, "is_winner": false, "prize_position": null, "matched_count": 0, "created_at": "2026-02-24T09:50:08.576Z"}}, {"model": "school.ticket", "pk": 335, "fields": {"ticket_id": "R2YKZ4", "group_leader": 23, "is_validated": true, "is_paid": true, "is_winner": false, "prize_position": null, "matched_count": 0, "created_at": "2026-02-24T09:50:08.576Z"}}, {"model": "school.ticket", "pk": 336, "fields": {"ticket_id": "F04URZ", "group_leader": 4, "is_validated": true, "is_paid": true, "is_winner": false, "prize_position": null, "matched_count": 0, "created_at": "2026-02-24T09:50:08.576Z"}}, {"model": "school.ticket", "pk": 337, "fields": {"ticket_id": "62KDHB", "group_leader": 19, "is_validated": true, "is_paid": false, "is_winner": false, "prize_position": null, "matched_count": 0, "created_at": "2026-02-24T09:50:08.577Z"}}, {"model": "school.ticket", "pk": 338, "fields": {"ticket_id": "8SZUYN", "group_leader": 23, "is_validated": true, "is_paid": true, "is_winner": false, "prize_position": null, "matched_count": 0, "created_at": "2026-02-24T09:50:08.577Z"}}, {"model": "school.ticket", "pk": 339, "fields": {"ticket_id": "7SDPH8", "group_leader": 7, "is_validated": true, "is_paid": true, "is_winner": false, "prize_position": null, "matched_count": 0, "created_at": "2026-02-24T09:50:08.577Z"}}, {"model": "school.ticket", "pk": 340, "fields": {"ticket_id": "L0JMNF", "group_leader": 19, "is_validated": true, "is_paid": false, "is_winner": false, "prize_position": null, "matched_count": 0, "created_at": "2026-02-24T09:50:08.578Z"}}, {"model": "school.ticket", "pk": 341, "fields": {"ticket_id": "36XNYZ", "group_leader": 24, "is_validated": true, "is_paid": true, "is_winner": false, "prize_position": null, "matched_count": 0, "created_at": "2026-02-24T09:50:08.578Z"}}, {"model": "school.ticket", "pk": 342, "fields": {"ticket_id": "30ZNCF", "group_leader": 38, "is_validated": true, "is_paid": true, "is_winner": false, "prize_position": null, "matched_count": 0, "created_at": "2026-02-24T09:50:08.578Z"}}, {"model": "school.ticket", "pk": 343, "fields": {"ticket_id": "UEF2IJ", "group_leader": 20, "is_validated": true, "is_paid": true, "is_winner": false, "prize_position": null, "matched_count": 0, "created_at": "2026-02-24T09:50:08.579Z"}}, {"model": "school.ticket", "pk": 344, "fields": {"ticket_id": "DT59BZ", "group_leader": 24, "is_validated": true, "is_paid": true, "is_winner": false, "prize_position": null, "matched_count": 0, "created_at": "2026-02-24T09:50:08.579Z"}}, {"model": "school.ticket", "pk": 345, "fields": {"ticket_id": "0O4I6A", "group_leader": 38, "is_validated": true, "is_paid": false, "is_winner": false, "prize_position": null, "matched_count": 0, "created_at": "2026-02-24T09:50:08.580Z"}}, {"model": "school.ticket", "pk": 346, "fields": {"ticket_id": "9MWAYH", "group_leader": 19, "is_validated": true, "is_paid": false, "is_winner": false, "prize_position": null, "matched_count": 0, "created_at": "2026-02-24T09:50:08.580Z"}}, {"model": "school.ticket", "pk": 347, "fields": {"ticket_id": "JKL20X", "group_leader": 24, "is_validated": true, "is_paid": true, "is_winner": false, "prize_position": null, "matched_count": 0, "created_at": "2026-02-24T09:50:08.581Z"}}, {"model": "school.ticket", "pk": 348, "fields": {"ticket_id": "H2GJ1C", "group_leader": 38, "is_validated": true, "is_paid": false, "is_winner": false, "prize_position": null, "matched_count": 0, "created_at": "2026-02-24T09:50:08.582Z"}}, {"model": "school.ticket", "pk": 349, "fields": {"ticket_id": "WNP8K1", "group_leader": 19, "is_validated": true, "is_paid": false, "is_winner": false, "prize_position": null, "matched_count": 0, "created_at": "2026-02-24T09:50:08.582Z"}}, {"model": "school.ticket", "pk": 350, "fields": {"ticket_id": "8KQ6ZT", "group_leader": 24, "is_validated": true, "is_paid": true, "is_winner": false, "prize_position": null, "matched_count": 0, "created_at": "2026-02-24T09:50:08.582Z"}}, {"model": "school.ticket", "pk": 351, "fields": {"ticket_id": "N2O6IJ", "group_leader": 38, "is_validated": true, "is_paid": false, "is_winner": false, "prize_position": null, "matched_count": 0, "created_at": "2026-02-24T09:50:08.583Z"}}, {"model": "school.ticket", "pk": 352, "fields": {"ticket_id": "ZSA051", "group_leader": 20, "is_validated": true, "is_paid": true, "is_winner": false, "prize_position": null, "matched_count": 0, "created_at": "2026-02-24T09:50:08.583Z"}}, {"model": "school.ticket", "pk": 353, "fields": {"ticket_id": "Y9XHBR", "group_leader": 24, "is_validated": true, "is_paid": true, "is_winner": false, "prize_position": null, "matched_count": 0, "created_at": "2026-02-24T09:50:08.584Z"}}, {"model": "school.ticket", "pk": 354, "fields": {"ticket_id": "3CRD18", "group_leader": 38, "is_validated": true, "is_paid": false, "is_winner": false, "prize_position": null, "matched_count": 0, "created_at": "2026-02-24T09:50:08.584Z"}}, {"model": "school.ticket", "pk": 355, "fields": {"ticket_id": "Z8DW0A", "group_leader": 20, "is_validated": true, "is_paid": false, "is_winner": false, "prize_position": null, "matched_count": 0, "created_at": "2026-02-24T09:50:08.584Z"}}, {"model": "school.ticket", "pk": 356, "fields": {"ticket_id": "ZC6HET", "group_leader": 22, "is_validated": false, "is_paid": false, "is_winner": false, "prize_position": null, "matched_count": 0, "created_at": "2026-02-24T09:50:08.585Z"}}, {"model": "school.ticket", "pk": 357, "fields": {"ticket_id": "EWISRL", "group_leader": 39, "is_validated": true, "is_paid": false, "is_winner": false, "prize_position": null, "matched_count": 0, "created_at": "2026-02-24T09:50:08.585Z"}}, {"model": "school.ticket", "pk": 358, "fields": {"ticket_id": "E64XB1", "group_leader": 20, "is_validated": true, "is_paid": false, "is_winner": false, "prize_position": null, "matched_count": 0, "created_at": "2026-02-24T09:50:08.585Z"}}, {"model": "school.ticket", "pk": 359, "fields": {"ticket_id": "G0MPA3", "group_leader": 22, "is_validated": false, "is_paid": false, "is_winner": false, "prize_position": null, "matched_count": 0, "created_at": "2026-02-24T09:50:08.586Z"}}, {"model": "school.ticket", "pk": 360, "fields": {"ticket_id": "CY5IF1", "group_leader": 39, "is_validated": true, "is_paid": false, "is_winner": false, "prize_position": null, "matched_count": 0, "created_at": "2026-02-24T09:50:08.586Z"}}, {"model": "school.ticket", "pk": 361, "fields": {"ticket_id": "S7RG91", "group_leader": 6, "is_validated": true, "is_paid": true, "is_winner": false, "prize_position": null, "matched_count": 0, "created_at": "2026-02-24T09:50:08.587Z"}}, {"model": "school.ticket", "pk": 362, "fields": {"ticket_id": "UFXYB7", "group_leader": 22, "is_validated": false, "is_paid": false, "is_winner": false, "prize_position": null, "matched_count": 0, "created_at": "2026-02-24T09:50:08.587Z"}}, {"model": "school.ticket", "pk": 363, "fields": {"ticket_id": "H5AVRF", "group_leader": 42, "is_validated": true, "is_paid": false, "is_winner": false, "prize_position": null, "matched_count": 0, "created_at": "2026-02-24T09:50:08.588Z"}}, {"model": "school.ticket", "pk": 364, "fields": {"ticket_id": "6NWFEJ", "group_leader": 20, "is_validated": true, "is_paid": false, "is_winner": false, "prize_position": null, "matched_count": 0, "created_at": "2026-02-24T09:50:08.588Z"}}, {"model": "school.ticket", "pk": 365, "fields": {"ticket_id": "JG4LID", "group_leader": 22, "is_validated": false, "is_paid": false, "is_winner": false, "prize_position": null, "matched_count": 0, "created_at": "2026-02-24T09:50:08.589Z"}}, {"model": "school.ticket", "pk": 366, "fields": {"ticket_id": "NQIUJ0", "group_leader": 25, "is_validated": true, "is_paid": true, "is_winner": false, "prize_position": null, "matched_count": 0, "created_at": "2026-02-24T09:50:08.589Z"}}, {"model": "school.ticket", "pk": 367, "fields": {"ticket_id": "1DPWY5", "group_leader": 6, "is_validated": true, "is_paid": true, "is_winner": false, "prize_position": null, "matched_count": 0, "created_at": "2026-02-24T09:50:08.589Z"}}, {"model": "school.ticket", "pk": 368, "fields": {"ticket_id": "Z1FCPJ", "group_leader": 22, "is_validated": false, "is_paid": false, "is_winner": false, "prize_position": null, "matched_count": 0, "created_at": "2026-02-24T09:50:08.590Z"}}, {"model": "school.ticket", "pk": 369, "fields": {"ticket_id": "SYFTV7", "group_leader": 25, "is_validated": true, "is_paid": true, "is_winner": false, "prize_position": null, "matched_count": 0, "created_at": "2026-02-24T09:50:08.590Z"}}, {"model": "school.ticket", "pk": 370, "fields": {"ticket_id": "2RKE1O", "group_leader": 6, "is_validated": true, "is_paid": true, "is_winner": false, "prize_position": null, "matched_count": 0, "created_at": "2026-02-24T09:50:08.590Z"}}, {"model": "school.ticket", "pk": 371, "fields": {"ticket_id": "MS67F2", "group_leader": 21, "is_validated": true, "is_paid": true, "is_winner": false, "prize_position": null, "matched_count": 0, "created_at": "2026-02-24T09:50:08.591Z"}}, {"model": "school.ticket", "pk": 372, "fields": {"ticket_id": "1OBGLR", "group_leader": 26, "is_validated": true, "is_paid": true, "is_winner": false, "prize_position": null, "matched_count": 0, "created_at": "2026-02-24T09:50:08.591Z"}}, {"model": "school.ticket", "pk": 373, "fields": {"ticket_id": "U8FJNK", "group_leader": 6, "is_validated": true, "is_paid": true, "is_winner": false, "prize_position": null, "matched_count": 0, "created_at": "2026-02-24T09:50:08.592Z"}}, {"model": "school.ticket", "pk": 374, "fields": {"ticket_id": "PR9SZG", "group_leader": 21, "is_validated": true, "is_paid": true, "is_winner": false, "prize_position": null, "matched_count": 0, "created_at": "2026-02-24T09:50:08.592Z"}}, {"model": "school.ticket", "pk": 375, "fields": {"ticket_id": "26FOXC", "group_leader": 26, "is_validated": true, "is_paid": true, "is_winner": false, "prize_position": null, "matched_count": 0, "created_at": "2026-02-24T09:50:08.592Z"}}, {"model": "school.ticket", "pk": 376, "fields": {"ticket_id": "CTKLM4", "group_leader": 6, "is_validated": true, "is_paid": true, "is_winner": false, "prize_position": null, "matched_count": 0, "created_at": "2026-02-24T09:50:08.593Z"}}, {"model": "school.ticket", "pk": 377, "fields": {"ticket_id": "AWYVI3", "group_leader": 21, "is_validated": true, "is_paid": true, "is_winner": false, "prize_position": null, "matched_count": 0, "created_at": "2026-02-24T09:50:08.593Z"}}, {"model": "school.ticket", "pk": 378, "fields": {"ticket_id": "NQTE78", "group_leader": 26, "is_validated": true, "is_paid": true, "is_winner": false, "prize_position": null, "matched_count": 0, "created_at": "2026-02-24T09:50:08.593Z"}}, {"model": "school.ticket", "pk": 379, "fields": {"ticket_id": "3P80W9", "group_leader": 6, "is_validated": true, "is_paid": true, "is_winner": false, "prize_position": null, "matched_count": 0, "created_at": "2026-02-24T09:50:08.594Z"}}, {"model": "school.ticket", "pk": 380, "fields": {"ticket_id": "4UWG7R", "group_leader": 21, "is_validated": true, "is_paid": true, "is_winner": false, "prize_position": null, "matched_count": 0, "created_at": "2026-02-24T09:50:08.594Z"}}, {"model": "school.ticket", "pk": 381, "fields": {"ticket_id": "GR46OF", "group_leader": 26, "is_validated": true, "is_paid": true, "is_winner": false, "prize_position": null, "matched_count": 0, "created_at": "2026-02-24T09:50:08.595Z"}}, {"model": "school.ticket", "pk": 382, "fields": {"ticket_id": "BDE7ZL", "group_leader": 6, "is_validated": true, "is_paid": true, "is_winner": false, "prize_position": null, "matched_count": 0, "created_at": "2026-02-24T09:50:08.595Z"}}, {"model": "school.ticket", "pk": 383, "fields": {"ticket_id": "YHAGEN", "group_leader": 21, "is_validated": true, "is_paid": true, "is_winner": false, "prize_position": null, "matched_count": 0, "created_at": "2026-02-24T09:50:08.596Z"}}, {"model": "school.ticket", "pk": 384, "fields": {"ticket_id": "CG2HRD", "group_leader": 26, "is_validated": true, "is_paid": true, "is_winner": false, "prize_position": null, "matched_count": 0, "created_at": "2026-02-24T09:50:08.596Z"}}, {"model": "school.ticket", "pk": 385, "fields": {"ticket_id": "34TYBE", "group_leader": 6, "is_validated": true, "is_paid": true, "is_winner": false, "prize_position": null, "matched_count": 0, "created_at": "2026-02-24T09:50:08.596Z"}}, {"model": "school.ticket", "pk": 386, "fields": {"ticket_id": "IZVCMP", "group_leader": 15, "is_validated": true, "is_paid": true, "is_winner": false, "prize_position": null, "matched_count": 0, "created_at": "2026-02-24T09:50:08.597Z"}}, {"model": "school.ticket", "pk": 387, "fields": {"ticket_id": "H9T7X1", "group_leader": 27, "is_validated": true, "is_paid": true, "is_winner": false, "prize_position": null, "matched_count": 0, "created_at": "2026-02-24T09:50:08.597Z"}}, {"model": "school.ticket", "pk": 388, "fields": {"ticket_id": "YALM9C", "group_leader": 1, "is_validated": true, "is_paid": true, "is_winner": false, "prize_position": null, "matched_count": 0, "created_at": "2026-02-24T09:50:08.598Z"}}, {"model": "school.ticket", "pk": 389, "fields": {"ticket_id": "OPSBU1", "group_leader": 15, "is_validated": true, "is_paid": false, "is_winner": false, "prize_position": null, "matched_count": 0, "created_at": "2026-02-24T09:50:08.598Z"}}, {"model": "school.ticket", "pk": 390, "fields": {"ticket_id": "CQMOWL", "group_leader": 27, "is_validated": true, "is_paid": false, "is_winner": false, "prize_position": null, "matched_count": 0, "created_at": "2026-02-24T09:50:08.598Z"}}, {"model": "school.ticket", "pk": 391, "fields": {"ticket_id": "W46XI9", "group_leader": 6, "is_validated": true, "is_paid": true, "is_winner": false, "prize_position": null, "matched_count": 0, "created_at": "2026-02-24T09:50:08.599Z"}}, {"model": "school.ticket", "pk": 392, "fields": {"ticket_id": "1UA8D5", "group_leader": 15, "is_validated": true, "is_paid": false, "is_winner": false, "prize_position": null, "matched_count": 0, "created_at": "2026-02-24T09:50:08.599Z"}}, {"model": "school.ticket", "pk": 393, "fields": {"ticket_id": "4H0AJY", "group_leader": 27, "is_validated": true, "is_paid": false, "is_winner": false, "prize_position": null, "matched_count": 0, "created_at": "2026-02-24T09:50:08.599Z"}}, {"model": "school.ticket", "pk": 394, "fields": {"ticket_id": "PKU6JO", "group_leader": 6, "is_validated": true, "is_paid": true, "is_winner": false, "prize_position": null, "matched_count": 0, "created_at": "2026-02-24T09:50:08.600Z"}}, {"model": "school.ticket", "pk": 395, "fields": {"ticket_id": "GJMD94", "group_leader": 15, "is_validated": true, "is_paid": false, "is_winner": false, "prize_position": null, "matched_count": 0, "created_at": "2026-02-24T09:50:08.600Z"}}, {"model": "school.ticket", "pk": 396, "fields": {"ticket_id": "4R2WI3", "group_leader": 27, "is_validated": true, "is_paid": false, "is_winner": false, "prize_position": null, "matched_count": 0, "created_at": "2026-02-24T09:50:08.600Z"}}, {"model": "school.ticket", "pk": 397, "fields": {"ticket_id": "VP5J4C", "group_leader": 12, "is_validated": true, "is_paid": true, "is_winner": false, "prize_position": null, "matched_count": 0, "created_at": "2026-02-24T09:50:08.601Z"}}, {"model": "school.ticket", "pk": 398, "fields": {"ticket_id": "I7PNZC", "group_leader": 15, "is_validated": true, "is_paid": false, "is_winner": false, "prize_position": null, "matched_count": 0, "created_at": "2026-02-24T09:50:08.601Z"}}, {"model": "school.ticket", "pk": 399, "fields": {"ticket_id": "3T06IO", "group_leader": 27, "is_validated": true, "is_paid": false, "is_winner": false, "prize_position": null, "matched_count": 0, "created_at": "2026-02-24T09:50:08.602Z"}}, {"model": "school.ticket", "pk": 400, "fields": {"ticket_id": "JC8M1W", "group_leader": 12, "is_validated": true, "is_paid": true, "is_winner": false, "prize_position": null, "matched_count": 0, "created_at": "2026-02-24T09:50:08.602Z"}}, {"model": "school.ticket", "pk": 401, "fields": {"ticket_id": "VWMGL1", "group_leader": 15, "is_validated": true, "is_paid": false, "is_winner": false, "prize_position": null, "matched_count": 0, "created_at": "2026-02-24T09:50:08.603Z"}}, {"model": "school.ticket", "pk": 402, "fields": {"ticket_id": "60S4OX", "group_leader": 40, "is_validated": true, "is_paid": false, "is_winner": false, "prize_position": null, "matched_count": 0, "created_at": "2026-02-24T09:50:08.603Z"}}, {"model": "school.ticket", "pk": 403, "fields": {"ticket_id": "ZR69YK", "group_leader": 12, "is_validated": true, "is_paid": true, "is_winner": false, "prize_position": null, "matched_count": 0, "created_at": "2026-02-24T09:50:08.603Z"}}, {"model": "school.ticket", "pk": 404, "fields": {"ticket_id": "KYASRQ", "group_leader": 15, "is_validated": true, "is_paid": false, "is_winner": false, "prize_position": null, "matched_count": 0, "created_at": "2026-02-24T09:50:08.604Z"}}, {"model": "school.gamesession", "pk": 1, "fields": {"started_at": "2026-02-28T07:54:49.155Z", "spin_count": 329, "is_active": true, "first_prize_given": false, "second_prize_given": false, "third_prize_given": false, "fourth_prize_given": false, "allow_first_prize": false, "allow_second_prize": false, "allow_third_prize": false, "allow_fourth_prize": false, "forced_winner": null, "forced_prize_position": null}}, {"model": "school.gamecontrol", "pk": 1, "fields": {"is_active": true}}, {"model": "school.gamecontrol", "pk": 2, "fields": {"is_active": true}}, {"model": "school.groupleader", "pk": 1, "fields": {"name": "Jyoti maam"}}, {"model": "school.groupleader", "pk": 2, "fields": {"name": "SANTOSHI MAAM"}}, {"model": "school.groupleader", "pk": 3, "fields": {"name": "KHUSHI PARENTS"}}, {"model": "school.groupleader", "pk": 4, "fields": {"name": "PARVHA MAAM"}}, {"model": "school.groupleader", "pk": 5, "fields": {"name": "SANGITA MAAM"}}, {"model": "school.groupleader", "pk": 6, "fields": {"name": "SADIKSHYA MAAM"}}, {"model": "school.groupleader", "pk": 7, "fields": {"name": "GURU"}}, {"model": "school.groupleader", "pk": 8, "fields": {"name": "office"}}, {"model": "school.groupleader", "pk": 9, "fields": {"name": "AASU SIR"}}, {"model": "school.groupleader", "pk": 10, "fields": {"name": "RESHAM SIR"}}, {"model": "school.groupleader", "pk": 11, "fields": {"name": "KAMALA MAAM"}}, {"model": "school.groupleader", "pk": 12, "fields": {"name": "SISTER1"}}, {"model": "school.groupleader", "pk": 13, "fields": {"name": "SISTER1"}}, {"model": "school.groupleader", "pk": 14, "fields": {"name": "SAMANA MAAM"}}, {"model": "school.groupleader", "pk": 15, "fields": {"name": "Radhika maam"}}, {"model": "school.groupleader", "pk": 16, "fields": {"name": "Rama maam"}}, {"model": "school.groupleader", "pk": 17, "fields": {"name": "sonu sherpa (4-5)"}}, {"model": "school.groupleader", "pk": 18, "fields": {"name": "Gopal dahal (4-5)"}}, {"model": "school.groupleader", "pk": 19, "fields": {"name": "jibish niraula"}}, {"model": "school.groupleader", "pk": 20, "fields": {"name": "Aarushi chaudhary (4 and 5)"}}, {"model": "school.groupleader", "pk": 21, "fields": {"name": "DIBYA BASNET (4-5)"}}, {"model": "school.groupleader", "pk": 22, "fields": {"name": "GAURAJ B.K"}}, {"model": "school.groupleader", "pk": 23, "fields": {"name": "SOHANI CHAUDHARY"}}, {"model": "school.groupleader", "pk": 24, "fields": {"name": "DIBSHIKA CHAUDHARY"}}, {"model": "school.groupleader", "pk": 25, "fields": {"name": "KSHITIZ"}}, {"model": "school.groupleader", "pk": 26, "fields": {"name": "KHUSHI"}}, {"model": "school.groupleader", "pk": 27, "fields": {"name": "sajanshree"}}, {"model": "school.groupleader", "pk": 28, "fields": {"name": "RONISH"}}, {"model": "school.groupleader", "pk": 29, "fields": {"name": "SARGAN"}}, {"model": "school.groupleader", "pk": 30, "fields": {"name": "PRANESH"}}, {"model": "school.groupleader", "pk": 31, "fields": {"name": "NISHA"}}, {"model": "school.groupleader", "pk": 32, "fields": {"name": "AIBRORICAN"}}, {"model": "school.groupleader", "pk": 33, "fields": {"name": "sakshayam"}}, {"model": "school.groupleader", "pk": 34, "fields": {"name": "pabitra"}}, {"model": "school.groupleader", "pk": 35, "fields": {"name": "AAGYA"}}, {"model": "school.groupleader", "pk": 36, "fields": {"name": "BIPASH"}}, {"model": "school.groupleader", "pk": 37, "fields": {"name": "SANJIB"}}, {"model": "school.groupleader", "pk": 38, "fields": {"name": "DILIP"}}, {"model": "school.groupleader", "pk": 39, "fields": {"name": "DENISH"}}, {"model": "school.groupleader", "pk": 40, "fields": {"name": "BALKRISHNA"}}, {"model": "school.groupleader", "pk": 41, "fields": {"name": "AAKASH"}}, {"model": "school.groupleader", "pk": 42, "fields": {"name": "sajan shree Niraula"}}]